Hora del día,Dispositivos,Ancho de banda (Mbps),Tipo de tráfico,Tráfico de datos (Bytes)
6,85,59,web,173794.3603096518
19,44,38,video,247757.3888707876
14,10,66,video,216925.65454778454
10,49,48,video,268193.6142435537
7,73,65,video,344317.40548933716
20,31,52,web,142654.81041363507
6,69,59,audio,235287.89710740908
18,73,32,web,83936.35210644182
22,81,53,web,116878.18115909956
10,20,47,web,161120.31389401888
10,23,93,video,335305.8014267982
20,69,32,video,267580.667439283
3,39,54,video,222147.09847384228
7,44,61,audio,196264.5702711677
2,94,89,web,102779.61330151412
21,46,59,audio,239925.76631776834
20,14,17,video,275416.65311617043
1,92,94,audio,193795.48335834598
11,87,10,web,109897.89261202492
5,35,17,web,133793.91148260242
1,71,38,video,212364.01319797023
20,13,14,video,226293.3692687089
0,98,95,audio,322086.08945832576
11,51,56,video,236848.71496270018
21,98,43,video,244182.9923989389
11,27,74,web,121022.90971824204
16,49,64,video,295009.5985749968
9,81,99,video,265638.79133909487
15,48,52,web,118131.3480839287
14,23,83,web,226165.2016136506
14,41,39,audio,262680.15022568183
18,60,91,video,245478.82171306474
11,47,26,web,40073.00243196919
22,32,35,audio,246275.6844918461
19,72,17,audio,157668.5087119998
2,24,56,video,274331.2799581384
4,34,85,video,154794.8091144082
18,26,81,audio,258329.86691496547
6,75,98,web,109441.40353596094
20,87,55,audio,251438.20595332622
8,62,77,video,259613.65339182172
6,60,42,web,91303.02903016776
17,48,10,web,111248.18435366097
3,60,28,audio,213315.92284783506
13,79,40,video,254094.72265576173
17,15,89,audio,243720.64902362422
8,76,23,audio,283522.0292257743
20,16,62,audio,125987.91941444743
1,60,57,web,222360.6287484312
19,81,78,web,179417.79687616066
14,51,99,video,228760.79758384358
6,73,71,video,189584.3187130505
11,24,75,audio,193843.9804611483
7,38,73,audio,247182.50559622297
14,42,79,audio,205522.54398112328
2,36,72,video,320757.7465123674
13,45,82,web,90441.21549742206
16,38,42,web,143995.55260769726
3,47,50,audio,124780.32777934405
17,66,98,audio,247381.5941312484
7,36,57,audio,237044.36950486503
3,64,22,audio,155761.91031594735
1,42,82,video,120189.3071686433
5,77,86,web,173347.4073398247
21,95,40,audio,231836.92758667548
9,75,84,video,286214.7377480849
3,19,77,audio,257089.1095911077
21,14,13,audio,126747.31601754756
17,83,28,web,181610.80527252247
11,47,79,audio,269525.37562389876
1,22,91,web,61970.62079967416
9,40,22,web,143982.59129594886
3,56,32,web,104991.00844961642
13,97,92,video,274323.8663449177
15,61,84,video,286583.8241769168
14,65,10,web,107638.57179432239
7,24,97,audio,176514.5960419194
13,38,63,web,153807.62087440124
22,17,80,audio,161037.70305685987
7,14,98,web,104508.74355574073
20,38,94,audio,258568.66414782515
15,56,24,video,180760.2982420672
12,77,74,audio,247715.6250454606
17,85,85,web,199629.56464269757
14,54,80,video,178509.66356047016
20,11,24,audio,150321.76738321723
12,36,30,audio,243905.47015236862
8,45,28,audio,131941.72344301592
14,45,69,audio,184279.78688453062
12,35,98,audio,241103.04466259482
0,52,42,video,270569.52546412975
6,36,58,video,229623.0556977752
8,78,44,video,215724.49026541793
0,29,53,video,303418.4930849254
11,20,99,web,251444.98318987893
7,83,20,video,282542.9025390898
10,47,81,audio,214165.90712825122
18,15,87,audio,174086.7139179537
16,81,83,video,232177.77967217175
7,32,75,audio,227025.70526328788
2,56,55,video,261619.91104443418
2,99,18,audio,250879.92964732146
0,55,12,web,149522.50462680697
4,21,94,web,80045.9849120091
9,99,35,video,298897.3808861459
6,22,81,video,200996.96863427936
8,71,57,video,231501.43640238242
6,91,75,audio,224210.01031258472
8,98,79,video,366883.3744891982
7,69,37,web,294795.92780026805
11,52,35,audio,219236.15295680915
1,85,34,video,225840.1690639806
0,77,21,audio,202625.2824240275
15,14,14,audio,219182.7712936918
22,46,57,video,243666.6187221404
22,81,46,audio,300960.5677956161
4,40,88,web,167503.5379595701
2,18,53,web,156987.1544545697
11,60,24,audio,218296.21260272307
7,38,52,video,261679.3305307228
21,87,57,audio,258847.02502348062
2,49,96,web,128937.34067265384
0,50,79,audio,171584.91230269847
2,95,55,audio,143492.28835141525
4,20,52,web,155975.0615310113
14,32,30,audio,224346.8251756057
13,10,32,audio,203888.6433075943
2,55,89,video,341224.62166737684
0,30,56,video,233720.19905854767
4,99,24,web,169237.08277962563
22,45,34,web,93414.95619303428
13,63,45,web,128745.01487627995
6,96,84,video,301976.88787828886
8,66,60,web,193655.10553715721
14,10,24,web,113301.65261679089
14,72,77,web,163320.03740709665
9,63,30,video,160706.31266595953
12,64,22,audio,167948.53995966952
18,49,95,web,219819.15817598932
6,24,28,audio,203560.2508053283
16,30,43,web,168533.28606906047
19,56,87,audio,226188.684359048
3,82,77,video,258253.15793140882
4,62,61,video,213883.94302632764
22,18,36,web,178541.42101012674
6,83,38,audio,212648.64721946948
12,61,37,video,267300.94239964
14,66,44,web,122898.25786662099
10,35,17,web,17832.854006437774
3,50,25,video,280357.6355876848
12,44,45,video,219358.1271995798
6,72,39,web,96761.21179784398
18,34,27,audio,222973.94559569968
21,99,11,audio,176699.36800404353
1,84,58,audio,249796.8192023311
9,47,86,web,192250.29747883487
12,11,13,video,254878.46616002388
20,16,99,web,104402.2144399733
5,91,98,video,332797.19926932
11,43,84,audio,224662.5265616928
11,26,16,audio,155736.14303768985
19,52,83,video,278069.4233671125
10,68,48,video,158788.238355084
22,60,22,web,165432.64057403355
6,63,40,audio,137131.4245908964
0,33,80,web,78966.48570782327
0,34,72,web,66682.04068910544
19,80,65,web,223134.41874949625
12,61,51,audio,168236.83031536057
8,79,70,web,235486.38549582497
2,97,51,web,120109.92684738511
6,42,65,web,61532.10212035266
5,58,45,web,83273.77800256704
7,38,93,web,222890.58100034692
8,72,77,web,153105.09110316663
4,31,16,audio,140785.63517546994
0,35,63,web,146500.9112926394
18,37,10,video,255489.13680837725
9,94,53,web,210169.94079512302
11,58,54,web,222024.9614946463
14,80,56,audio,190011.5677105457
21,90,22,audio,133697.61569589807
8,93,31,video,221426.7419438362
19,58,30,video,258614.02532914432
16,29,95,audio,171112.05368946947
16,95,18,audio,146142.45425524784
19,72,35,web,168089.39407749427
11,70,18,audio,181567.38242147744
6,58,24,video,231239.8497705793
1,80,19,web,88575.23326499652
2,10,97,video,240979.96428971164
16,22,51,web,99688.34278658478
4,96,81,audio,258209.92055623935
16,60,33,video,296262.46673618763
16,65,89,web,81190.60688809531
16,92,58,web,116924.45699037949
1,71,35,audio,107873.53724549605
1,41,46,audio,149698.80327965508
21,39,77,audio,213128.10151048197
22,38,59,video,186617.73901507352
4,58,33,web,86007.00934373436
0,54,28,audio,124602.13139592508
0,39,69,video,252663.36646994718
18,25,48,video,250467.21685181253
1,49,83,video,216213.12233313732
20,28,98,audio,233441.0436069699
11,27,27,audio,152565.99577063674
5,10,28,web,107417.24448369733
22,87,45,web,245572.60451492685
3,56,83,audio,272723.0525895174
22,75,64,video,204020.9381536201
10,47,78,video,299886.6208939587
16,60,56,video,296569.8277245796
5,72,58,web,90986.83556236909
4,13,42,video,268538.88218774303
19,10,30,web,212896.59592062765
1,17,90,web,93272.7596877793
5,38,31,video,182224.8589492868
21,64,57,video,313183.0733421751
10,12,46,audio,198974.7655412824
15,41,24,audio,212773.81376197617
15,19,44,video,257829.46082002483
0,83,80,web,176134.7960464072
8,92,41,web,80576.39358444585
5,43,20,web,175965.8853310724
15,96,19,web,202179.49962138868
2,64,82,web,144330.46279659861
19,41,87,audio,218526.15250930688
3,59,86,video,181244.62487221387
18,16,66,audio,229912.73780089174
2,17,34,web,151002.8720857072
18,74,11,web,135190.44915003446
19,66,73,web,224917.66799352513
6,76,44,web,126496.13845100297
19,97,16,video,274630.29629468004
8,96,94,web,123216.78306539422
0,68,27,video,225922.3924562881
7,81,76,web,152482.2871048582
6,63,51,video,255365.39610204706
17,76,48,audio,187723.6535583321
7,60,50,web,137426.3702164166
0,17,84,video,286702.3585720753
10,43,33,audio,163261.78813808912
17,44,69,web,79971.14496306604
22,97,55,web,256379.19521027105
9,87,28,web,209472.70393452432
2,41,77,video,184086.86524471908
6,55,99,video,300985.3902622597
15,25,51,audio,170351.26147243285
15,77,41,video,264074.36076655297
19,46,48,video,266911.2064506747
16,63,45,web,139379.6099841839
1,94,45,web,103111.71672068018
0,23,12,web,76072.94738418702
15,64,82,web,122990.40422593788
11,57,17,web,89308.88958847776
4,91,79,web,158341.08549753224
4,16,50,web,96412.00054446241
22,83,77,audio,261202.603285631
8,16,22,audio,246562.30776679638
8,42,58,audio,166397.33793149784
2,32,69,audio,204870.22502676887
18,94,11,web,167284.2555151467
15,28,69,audio,228700.11354596372
15,28,14,web,131397.76339580436
2,45,53,audio,224634.12091798612
19,38,36,video,268712.44763403287
21,69,41,audio,143416.8788836351
0,91,30,audio,226657.80321946368
19,11,17,web,174064.5418633371
10,10,81,audio,164335.6947910709
16,56,59,video,258596.8917723801
7,78,76,web,194766.44964055347
3,29,53,web,124834.30902103192
5,20,67,audio,246148.90238830057
7,11,12,web,233393.62473096803
19,76,95,web,142400.6983682509
2,96,79,web,91647.76984231126
15,21,11,web,139890.92978024378
2,29,96,web,191878.1252563072
17,14,53,web,134756.68130776155
13,46,11,video,300363.0331660517
17,47,90,audio,154469.71001383755
1,18,44,video,261245.93115158056
21,62,96,web,151106.95896205533
2,53,39,web,218068.89531036484
15,95,17,audio,292125.76765840594
8,33,31,video,191767.1706108326
3,90,53,audio,170022.14320457098
0,83,67,video,293079.3943489901
3,39,45,web,113943.46751052426
0,68,78,audio,200329.43910338808
13,96,86,audio,226469.42102712052
20,90,40,web,62016.34219011718
15,90,56,audio,210308.11269528815
19,23,64,video,221113.6112967913
7,18,89,video,230443.8588800114
6,49,71,video,323481.6001734407
2,75,39,video,173674.6552860372
16,34,64,web,195460.25933739886
0,82,25,audio,164951.85348340956
15,31,21,video,217711.9915752083
11,13,26,web,166118.59480258558
18,35,25,audio,204502.56472844453
21,67,21,audio,223430.64986097655
22,38,17,web,186509.23302664305
21,96,93,web,170134.58084083386
13,46,12,video,197588.16327461248
5,84,25,audio,130042.47367211009
5,79,39,audio,149029.47350105224
12,27,32,web,280854.72126543627
18,94,14,audio,256033.97903683933
21,51,93,video,210146.28168959892
7,50,74,audio,137877.1021628215
1,47,39,web,153993.30308592456
20,43,30,web,170963.23986889835
0,26,93,video,279144.1917658682
14,46,79,video,249952.2103223151
0,34,31,audio,166027.286999855
4,85,91,audio,232893.97620796788
15,96,81,web,178994.65031466653
18,95,41,video,146534.98136262325
3,94,42,video,231310.0184712403
2,36,25,video,179129.67828698433
16,66,85,audio,230460.5709454256
16,40,47,video,396762.9501301705
11,15,23,web,143874.08327371522
13,49,45,web,129623.5156913801
20,21,32,audio,236290.0750988626
5,62,75,audio,229034.39436046063
2,80,94,video,286004.72452259203
8,19,11,audio,197642.52966078356
4,54,82,web,258627.1782414771
16,26,74,video,201655.5782337042
13,35,84,web,185681.60384057273
20,94,76,video,230480.94350092308
2,71,61,audio,224475.6323171124
0,55,71,video,200565.67442569527
19,73,32,video,228731.65931974578
20,11,35,web,124945.50428810468
22,63,77,web,221890.83596723544
0,74,91,video,306222.72219712066
2,60,64,audio,133714.13117768077
17,62,15,audio,189646.70554999245
9,45,44,web,104521.00726254136
21,35,31,audio,130574.75446623328
2,38,52,web,124749.14747878148
7,30,24,audio,159575.860577209
13,20,95,video,385835.8243172761
17,49,69,web,182947.99126803482
14,20,21,web,59619.12496228813
21,45,58,video,230761.29979145288
22,68,51,web,212169.16477146992
1,48,47,audio,288522.13864349626
9,63,91,audio,137800.83438810208
1,64,54,web,46803.780743047755
16,33,44,audio,288148.2587685891
7,31,39,web,152180.7088685452
0,78,97,video,220685.36340618168
8,65,39,web,167231.45430612177
10,42,87,video,130112.61304915612
21,45,15,audio,187668.77532985804
15,29,76,video,275191.05864215427
6,92,89,audio,265113.5069768915
9,90,16,web,84305.20238537312
22,71,61,audio,220984.35807016795
2,82,23,web,83628.76869702063
17,35,82,web,177769.18778371587
12,75,24,video,194232.6838818488
6,82,30,video,216994.95804198895
3,82,44,video,191609.23026048855
12,49,75,video,291856.81209118286
19,26,11,audio,222622.55583283326
0,10,44,audio,162268.9715021293
7,98,91,audio,224011.89974800142
13,70,87,web,98070.4292683228
15,52,29,audio,174916.16759966064
13,51,91,audio,216189.76914791277
11,34,19,audio,308339.65455149877
18,48,34,video,189001.6487112918
22,44,75,audio,291508.86193762184
14,12,34,web,183242.9386732904
1,53,63,video,257131.8202245068
1,60,42,web,221931.02420975667
22,21,45,audio,217305.27363034314
21,28,23,video,257557.95978339645
18,53,74,web,162943.96734912274
21,68,89,audio,290278.4441209314
21,58,63,web,218923.46169054418
16,70,61,web,129216.13562518937
19,26,12,web,64237.64027006163
9,83,50,audio,190450.96813021714
5,66,15,audio,135698.0717801177
14,64,34,web,140623.77126923224
21,56,22,video,305071.90673420695
10,21,17,video,199834.9172456605
4,71,30,audio,181058.83093442125
0,89,77,audio,209201.13674041975
7,97,34,audio,235821.54411026422
20,92,88,audio,120055.53330076973
11,17,77,audio,172564.9852617352
11,30,54,video,254564.18461397363
4,90,69,audio,266503.9478213431
6,96,21,web,111104.87762468975
3,89,41,web,47472.36469790629
5,79,22,video,262785.5722983068
12,81,40,web,116431.88055871853
19,34,87,video,209816.66704548194
14,91,29,video,215482.7305143388
2,98,27,web,125873.73211720752
22,21,69,audio,180462.76677308936
7,24,72,web,37521.697145046535
19,68,15,web,184953.3098443566
15,35,41,video,306243.7520639361
12,35,52,web,177576.0995669753
17,56,11,video,176815.71647875916
9,41,69,audio,191625.4233026241
18,19,32,audio,187473.9342385271
16,25,92,audio,246939.7194780955
18,80,40,web,187417.02443590405
22,26,14,video,197491.3100610752
4,32,92,audio,210499.77782067802
20,35,43,video,271364.0202307621
22,94,19,video,323091.11610733834
8,95,98,audio,261225.32699123616
11,16,11,audio,209152.83436877595
20,23,20,video,238791.33139646804
0,88,59,audio,267622.9572601752
0,16,40,video,243688.13979797487
14,18,65,video,207045.6044913215
1,57,88,audio,276568.4985062595
21,81,82,web,213095.1636269514
15,68,96,audio,204447.79894357588
7,96,92,web,148225.35163003783
12,91,18,video,254028.77725703808
20,48,30,video,267759.2397633792
0,27,82,web,156264.61328156033
15,68,37,video,262665.43367214425
6,26,71,web,231697.868728819
4,23,16,web,170177.1576117443
21,40,89,video,283031.77956325124
22,33,25,web,188165.52903837417
2,69,13,audio,120673.80482362302
11,54,13,audio,198196.35249734044
15,12,49,video,332365.3174866555
18,46,26,video,229297.7052303813
4,52,61,web,102518.30356904576
21,49,61,web,128695.55557034697
13,99,45,web,100818.34813288058
4,64,47,web,101061.90459361483
14,96,59,audio,194174.59507049856
16,48,72,audio,141321.6490410679
13,24,72,video,254580.91669748016
19,13,71,web,202213.85868933235
4,95,16,web,85612.19099265398
11,34,36,video,311764.19618208846
15,22,95,web,192439.60442637972
15,91,23,web,196229.02928120288
20,42,80,web,135508.27230739314
6,25,95,web,201226.2613533308
3,51,14,web,65603.30498023436
0,75,64,video,291512.37504182546
4,64,11,web,130891.96698967657
22,51,71,video,295362.5609992392
9,43,30,web,73820.26971875742
21,39,88,audio,178046.50788616977
4,22,30,audio,203261.41091266923
3,22,19,audio,119482.59978878996
1,27,96,audio,227560.31460495616
19,41,67,video,192343.10967698772
9,48,48,video,285008.7106333334
18,55,14,web,74373.83426157455
0,38,74,audio,222214.99688397616
4,71,22,video,260481.54668230005
12,71,94,web,138361.40907852125
3,66,99,web,194801.32835423635
15,25,94,video,280022.1131666778
15,65,62,audio,182057.9071903631
22,19,91,web,120872.2657961896
1,39,54,audio,87668.71541637105
16,34,41,audio,210782.50236498468
19,93,45,audio,131859.86143189724
11,14,90,web,163567.2099720654
17,74,69,audio,203127.58919588756
2,58,20,web,157557.13877190975
0,12,72,audio,173297.72502550678
0,54,30,web,109327.61068264543
18,23,61,audio,239693.53521441476
10,39,64,video,266552.90145420586
4,77,35,audio,202707.79785913893
11,27,77,audio,228363.3794904263
2,71,43,web,60921.393839644705
0,46,61,web,177539.4339993491
0,34,91,audio,232923.43970068012
7,57,61,video,198065.84357117512
9,74,38,video,230595.97631628995
10,62,47,web,143934.63561861843
11,88,51,video,247375.16077991336
12,82,30,audio,210092.99832842674
11,24,51,web,212868.33909155917
13,58,22,audio,239688.33638364144
1,97,73,web,91289.04032842969
18,77,26,web,177503.49951530242
17,21,18,web,196646.66597677048
2,68,50,web,159940.42603446014
22,46,10,video,290749.0212592983
16,70,11,audio,286113.52228503826
7,52,69,audio,253085.47730534908
9,79,57,audio,215765.42978208643
1,48,38,web,181854.42370423768
18,65,19,video,247744.39165484457
8,72,67,audio,207095.15216424776
6,55,69,video,233929.28821431336
3,97,30,web,215570.66794160544
20,20,37,audio,151578.56670289993
17,71,84,video,349818.3862339058
12,86,43,web,175693.20618701857
10,34,17,video,155334.69125990293
3,80,68,audio,221382.46464957108
20,61,95,audio,124698.6746174188
3,13,81,web,177375.40084155177
9,68,58,web,195861.57414944956
4,81,88,web,134582.2022173973
8,29,26,video,232977.38479777912
2,72,69,video,348607.8716875143
16,63,96,video,251312.66478690316
2,83,97,web,114154.62064716997
15,66,54,audio,279283.17012312997
3,99,92,audio,316929.35952653975
17,50,78,video,266184.78359239234
16,12,41,video,289473.1517704178
6,15,53,audio,252573.79577654405
22,14,74,audio,174675.78837308078
4,14,96,video,230534.70823160658
11,63,17,video,293643.72565773677
16,56,86,audio,304450.7139354255
22,96,81,web,209844.04300871774
12,58,96,video,227609.2823248973
22,18,52,audio,300953.055584972
2,29,10,audio,136251.45510940178
8,70,60,audio,185243.1109414274
16,44,33,audio,208416.89172448107
16,59,33,web,222008.0210357387
19,91,26,audio,242898.7988276112
15,71,14,video,256943.27501809553
21,26,29,web,163864.4265059053
12,97,30,audio,198575.7334321733
18,12,67,web,181806.97572592532
16,41,40,video,117721.99611528486
3,22,20,audio,152569.62704651008
11,98,61,video,273166.09674583905
8,82,24,audio,128849.29581902464
18,77,92,audio,248716.165890578
11,23,16,audio,163376.43895069393
8,20,37,audio,268273.7849157745
6,65,60,audio,277650.9862607428
13,76,67,web,138409.72154409185
19,38,14,audio,176058.11442166523
18,18,14,audio,174902.62171958038
14,76,17,web,115117.02619201886
15,34,73,web,168051.24920140635
20,85,19,web,108585.8965556205
4,51,47,web,81169.23325312368
2,18,90,web,181735.56119501343
11,88,17,web,168576.47921109054
19,49,34,audio,155584.2120170004
20,34,82,audio,262567.77153813
3,14,75,video,211721.11354173342
20,20,88,audio,230658.26190189907
22,68,59,audio,256117.2006306228
15,97,76,web,170719.37176481434
6,88,58,web,175337.04560705673
12,47,45,audio,168078.5178056214
20,81,77,video,264876.6708285951
9,14,87,web,145007.02845598297
6,57,50,audio,155071.08267298806
13,99,98,audio,222961.2918442109
4,27,71,video,167469.08505681268
2,79,19,video,202742.31264289477
22,46,30,web,131956.22533151647
10,69,45,video,233491.012375231
10,57,21,audio,169825.12770646106
17,86,11,audio,186611.79000699354
14,37,22,video,256372.0759043032
11,78,62,video,301325.8537066261
8,86,41,video,213211.73865758665
9,90,25,video,179339.9572305428
11,49,41,web,89197.77938784484
16,54,41,video,222939.85394025364
5,71,20,web,111603.93410917454
6,67,19,audio,140400.19669012714
13,76,24,video,175394.16678750527
12,65,26,web,115193.9586262906
7,49,49,video,250371.33100569856
9,49,27,audio,212051.47329177824
8,86,64,audio,179328.84734458395
17,42,82,audio,195750.10889282828
1,15,34,video,174665.08455763446
4,97,68,video,255828.04148126117
4,28,87,web,110678.56829045927
5,89,98,audio,250456.39066206
18,49,31,video,154006.67540329444
7,68,39,audio,172118.5163773769
15,68,93,audio,240155.3669595871
12,57,94,web,179591.72581612522
0,50,53,web,271151.6831990248
21,22,41,web,163390.00122839538
19,54,60,web,109597.2701578995
16,98,55,audio,208326.78764554634
6,62,30,web,44587.683326677405
12,51,41,web,138670.01253516195
3,72,48,web,99747.19714996207
3,36,21,web,166469.51377800808
5,47,56,audio,164922.98627022325
18,69,27,web,139461.70421023766
11,16,30,audio,147422.10792977983
21,14,22,video,321742.56759266654
6,54,30,audio,165737.86169410442
9,67,17,audio,272527.85217396007
18,40,55,web,194207.58810591334
6,32,16,video,244503.3363667693
2,51,32,video,246636.657365876
12,19,84,video,277489.8649108126
12,41,95,video,171316.3710327195
17,62,31,audio,180955.83029246217
19,39,98,video,318057.89855921606
7,48,31,audio,179655.14082629472
8,40,38,audio,114740.50765982125
6,91,22,audio,182579.77747112652
0,11,91,video,332905.27581277455
2,87,11,web,187244.58577673597
12,86,38,web,145099.7995316984
16,21,94,video,314772.46385290433
0,48,88,web,135274.64898159742
5,75,61,web,65306.42065866405
20,22,36,audio,146176.70059352228
5,55,59,audio,273644.4384254099
11,36,88,video,248500.3459085348
12,26,32,video,221030.8010312491
12,69,97,web,159308.09018625598
14,73,53,audio,300306.82947865035
20,97,86,video,363697.9457681032
15,44,31,video,350239.0116724067
21,79,52,video,254847.73947999743
20,92,46,video,276181.2244373548
10,39,70,video,176967.87252896046
4,80,65,video,326346.7213059137
3,83,12,web,67211.02243660325
2,72,72,audio,213238.77818813146
18,37,28,audio,134534.8736183578
19,69,32,video,219356.6586630652
17,88,38,audio,161736.878447515
14,46,39,audio,162306.2369662091
8,31,48,audio,161243.86484255106
16,77,34,video,220986.56025374614
13,29,17,video,268966.6955890154
14,77,67,audio,157656.860346874
0,73,25,audio,188127.07135069335
20,26,81,video,326597.9576152779
21,21,10,web,104540.1817743302
21,31,14,audio,148304.0554626199
2,26,12,web,101673.76874098746
15,19,74,audio,264786.2604180355
22,74,13,web,153005.38154766787
10,31,73,web,126139.28526962007
11,99,98,web,203993.83255940198
9,91,19,video,181585.39250817883
15,59,30,web,175867.9755221474
7,23,55,web,159530.36538508837
5,73,36,web,122209.5764430558
11,56,75,audio,167770.71007763845
20,38,50,web,108265.95388582713
7,85,22,audio,211740.86681729552
3,45,18,web,182449.0251244531
7,61,45,web,109834.61264856026
17,85,95,video,304419.3351775742
4,16,99,audio,102348.64906989656
8,38,67,web,119869.11346714002
3,20,63,audio,186947.0533564549
21,42,21,audio,144415.82915090834
16,15,90,video,217174.6812605202
8,88,87,video,235711.0221765557
0,41,23,video,234309.63641631865
20,60,43,video,244133.54907968125
19,84,62,video,154888.4383337514
12,67,29,video,133864.9923682467
15,96,84,video,245856.74110714125
12,35,25,video,254384.3293026776
13,55,79,web,26124.757863738254
2,38,65,audio,167113.49119241847
5,13,92,video,227287.60717412893
17,90,67,video,337916.8889104224
18,22,13,audio,159648.9094143568
4,48,13,web,139249.4492370464
14,24,29,audio,190362.85700437316
1,38,19,audio,61571.67600963997
9,38,33,video,271510.3608315869
17,84,35,audio,212069.8252728144
12,41,46,audio,218613.43198372948
4,11,94,video,449511.8853218163
22,56,63,video,160494.35302507057
0,87,30,video,318634.83248805546
21,93,83,video,266727.6240299822
0,31,47,audio,194066.44522015046
17,84,55,audio,209024.3877349379
14,36,13,web,106488.18333009782
16,76,69,web,137208.35358806208
10,90,66,audio,227475.43677865044
20,65,54,web,84141.31516641604
21,30,29,audio,229028.9583760883
16,56,26,web,119390.2797557373
12,89,80,video,213296.5330479821
0,68,13,web,97599.35710020931
1,93,23,video,293957.4608431286
8,15,12,video,190233.24564918884
2,28,97,video,274022.680910481
0,66,89,video,221152.18621422633
20,78,67,web,206996.09249618097
15,12,64,audio,233675.3869395102
22,10,13,video,322930.44166482054
5,67,33,web,126121.80272503922
16,47,43,video,280332.74023789534
4,24,39,web,133203.37697694724
4,43,91,web,222893.58909315072
5,70,28,web,97058.38061956348
2,44,40,audio,218050.26564386406
20,73,69,web,159365.13519416592
22,34,69,web,160090.59114457513
4,33,28,audio,179187.62422241864
20,21,58,audio,215812.01982133387
4,27,72,web,139588.5478439021
9,24,92,audio,220535.6591585263
9,89,31,video,321205.90287810925
18,36,33,video,290972.4842807609
16,81,85,audio,268157.72962484485
20,69,39,audio,180523.02369880647
13,55,67,web,113037.95858858377
8,98,40,audio,245365.02791188765
13,26,73,web,198502.3396264897
0,62,28,video,300033.5337875491
18,17,57,audio,169700.9687015385
12,88,54,web,145122.56723198266
12,36,64,web,69225.79187372829
3,55,64,video,226376.44469695634
0,59,27,audio,225128.52552897236
16,80,72,video,244675.2310385901
7,12,56,web,169423.98976004118
1,73,84,web,148074.84470010945
7,53,66,audio,216802.85141107804
6,62,54,web,88015.43050921663
1,33,42,audio,182860.47248169506
21,69,26,video,98243.20145496383
21,12,79,audio,203555.19209190077
2,29,13,audio,82776.33781424299
17,55,29,web,202799.7258273408
11,24,56,web,182670.36763822555
0,34,24,audio,192133.54909830404
21,87,79,web,253950.311357969
11,80,56,web,107554.17395875814
4,26,87,web,240068.1598957779
16,93,84,audio,273209.57821301924
15,18,18,web,115772.2356390527
14,47,99,audio,279681.0073591472
22,57,25,web,90585.32437941829
14,69,78,video,225574.2919236163
4,72,70,web,122970.51383801497
20,95,19,web,122051.11459679923
13,11,59,audio,141872.11786198735
1,97,12,audio,237554.15335476625
10,81,86,web,156257.2799815084
18,20,79,video,279125.24841784395
6,73,90,web,137082.43167931598
5,86,60,web,61169.83497257414
1,90,28,video,246502.86791957112
5,81,51,audio,101087.25122901116
17,30,44,web,141568.29769572656
1,27,55,audio,115484.24805835947
17,73,35,audio,298463.7999615404
14,91,78,video,316768.1361087361
18,47,73,video,269187.68956357404
1,41,46,audio,245385.33388273342
19,20,93,web,127184.20112671322
5,54,58,audio,221973.96893350466
0,98,30,web,144590.52168593567
14,42,83,web,177101.0040666835
22,50,73,video,332117.6750053384
9,17,14,web,156024.6051389901
18,20,79,web,175936.18314125115
16,95,99,audio,151755.6281885852
4,60,13,video,174497.68523602682
3,97,48,web,140264.5533202138
9,50,44,web,145668.61871383258
16,26,10,video,169689.81376630382
9,85,33,audio,313083.83377892105
16,55,66,video,335819.7027626787
19,41,79,video,296805.91601962416
4,88,50,web,150201.84306418724
1,89,63,web,139689.55150494238
5,63,55,audio,147504.07699888822
20,95,69,web,177374.02592594313
1,29,69,web,154187.62700713752
12,42,66,video,191311.9712259188
10,83,40,web,163308.82086224487
10,49,93,audio,208537.04755876257
15,41,33,video,144309.62210613047
10,11,98,audio,168180.7494610249
18,42,45,video,228219.72332891778
14,86,94,web,272584.3828670095
22,39,39,video,277127.6562266879
22,42,33,video,180125.92154500546
15,86,39,web,176001.81447088186
10,35,95,web,87134.80055308172
21,31,16,audio,239334.55269435368
15,75,44,audio,178443.76740910608
7,47,64,web,143718.19056304145
3,99,23,web,200589.83237710953
7,55,19,web,63141.8215707875
3,24,89,video,182444.09074435045
2,53,25,video,195920.03368269975
2,58,63,video,297018.9425509658
17,84,98,web,106832.69622615787
18,70,86,audio,83392.2200944715
18,76,79,web,150142.05707955005
20,15,53,video,277087.03999554605
4,18,82,video,308613.0874869415
17,15,54,web,123841.93189573006
9,82,65,web,137328.66964419986
21,41,93,video,333395.03671278735
20,50,91,video,182012.91501522897
5,85,66,video,235573.96124084954
0,17,30,web,127921.1944962529
4,81,77,video,281160.9360642517
8,59,59,video,223809.66534045586
11,71,42,audio,197922.05058529208
13,93,16,web,15183.632329350527
1,71,79,audio,171787.57938330757
16,16,24,audio,203875.43562772337
13,84,91,video,226185.29828726602
12,93,41,web,154049.21107947986
8,89,84,video,290143.6250401349
14,13,29,web,113972.53995711176
21,15,97,audio,231023.18854982854
14,67,24,web,91263.37173576938
10,31,57,video,234369.43601519766
15,35,80,video,292510.8084794611
16,12,30,video,241248.64804842172
3,50,51,web,109173.43652180322
0,69,35,audio,192510.82021453965
7,23,23,audio,208830.48953183088
16,84,66,web,63302.936071126096
2,91,46,video,301153.7032477949
19,21,67,audio,189887.2630659464
14,96,30,video,269474.4966620115
14,21,91,web,223562.3461822614
21,22,78,video,195816.3151384767
13,34,12,audio,140327.94987862266
22,54,96,audio,216372.56520621476
13,28,99,video,228912.32394377858
1,64,46,web,223546.8287918404
12,54,97,video,228461.39530866037
13,17,58,web,117622.66102565668
18,62,28,video,254619.45158014883
6,64,98,audio,157692.52369619557
2,41,94,web,137415.96441218682
14,60,21,web,152372.66306250874
22,53,70,web,150956.97978087445
13,91,50,audio,201530.65705500258
10,79,42,video,220333.39437758146
14,27,59,audio,123176.48454096165
12,92,77,web,184979.66056696192
17,31,80,video,350946.6535823621
5,46,95,audio,212620.0815391719
2,65,42,web,147263.20586237748
18,68,90,web,211236.137755843
14,12,33,audio,119433.47517266504
22,37,70,audio,299525.73290648026
4,83,70,audio,215716.4398211401
9,44,37,web,217892.84495445545
6,70,67,audio,166848.35022380052
16,63,52,web,245503.09612789121
6,72,50,audio,234157.77470173914
21,88,48,web,190252.00429261793
11,16,95,web,173401.2227176574
16,85,58,video,249573.56909627753
12,58,26,audio,246626.58292369364
19,94,79,audio,234317.99349240234
3,40,79,web,52146.51482064236
9,67,74,web,103540.67691464987
2,70,83,web,148207.71239036263
8,33,94,video,277099.9491582777
12,29,14,video,221970.5755550052
17,46,11,web,192648.53948968317
14,13,31,audio,84544.90679806875
3,29,66,audio,198979.396825258
14,69,75,video,174401.03873064226
21,33,83,video,307085.6147742084
1,59,25,web,120577.06427789986
14,58,60,audio,226580.4986012059
7,60,48,web,99805.85197051169
7,45,95,video,327473.24658288754
16,75,85,audio,275586.2332029426
11,88,97,audio,256277.2151505944
18,43,49,video,244624.13765682795
9,45,47,web,170492.86426475662
8,15,69,web,110155.37160063256
4,48,68,audio,240377.7829510356
5,51,19,video,307174.044716196
19,67,73,audio,272430.5279989593
1,21,72,video,204719.87650962954
12,12,58,web,161470.86586365514
5,27,73,video,182242.9228120676
4,49,41,web,162919.51555878378
0,30,16,video,236530.17064312694
20,24,30,audio,96309.1830233918
21,35,29,web,84410.80780438181
20,17,35,audio,176743.05516281165
5,96,77,audio,197657.0126429587
5,51,95,web,102226.15322905974
22,53,24,web,164048.9364676092
15,23,94,audio,229173.6804470256
3,87,88,audio,204686.54340107404
10,11,95,audio,171910.42499208185
22,46,23,audio,245135.35632082817
8,78,36,web,224370.35565441474
22,47,49,web,131721.92580767313
2,50,67,audio,164891.65414225895
18,71,37,video,275260.3832705998
7,69,35,video,220398.5310126507
4,23,72,web,137630.1399668383
3,98,75,audio,247082.65758623357
5,93,34,audio,95132.19562463537
1,11,12,web,175115.11624263346
19,79,81,video,278934.0262164671
10,26,53,video,221125.34277189098
3,98,51,video,243638.29228892757
14,37,15,web,127021.46775102594
5,75,48,video,157439.93482775375
21,44,61,web,235046.9113726618
16,14,32,web,136866.2816135309
5,74,98,audio,240950.10652236876
18,49,59,video,304877.4885287022
1,85,52,web,92941.87712198496
14,65,28,video,264673.5949517614
10,45,78,video,244617.9454550603
7,54,60,audio,240138.53876082468
18,32,20,video,128038.62898242523
12,56,21,audio,178745.28498793655
11,40,83,web,130358.96721080191
4,20,17,video,238113.14753170777
5,19,33,web,148802.2093684101
21,76,50,video,225818.7052588987
3,23,45,web,94491.30679119781
18,89,94,video,277266.73157213355
19,83,81,video,231267.88863423959
0,19,64,video,277899.18477260636
19,85,18,video,226539.6399776277
16,10,56,video,100650.58903391793
11,14,24,video,207058.8971689097
14,29,57,video,196372.80895780138
0,17,91,video,167336.20922695272
13,52,51,video,187028.66808887137
5,85,69,web,161970.4235916485
4,10,93,audio,268932.04141241155
10,66,79,video,278359.223693249
3,73,21,audio,147774.830589213
12,93,11,video,258895.20975853514
10,37,16,video,202445.4844890504
2,46,89,web,120969.98154184278
0,56,12,web,59481.86658835078
5,85,12,audio,90408.55966241405
17,46,36,web,124703.81467202774
9,58,49,web,153002.6744960066
4,53,42,audio,180768.8164992555
22,65,10,web,119201.65360263207
9,37,17,video,177612.69696516095
11,88,41,audio,229512.30958424843
1,15,57,audio,116643.40400267075
12,70,13,video,271301.39569217374
7,29,79,web,102189.14905366377
1,87,28,audio,144778.23813234826
19,11,41,audio,118360.74046921615
0,82,18,video,200329.89265571817
4,46,21,video,272465.622923899
8,29,20,web,149581.4044221978
16,35,55,audio,249421.10560140177
8,38,25,web,154207.1272966968
10,10,10,web,61816.50857348154
14,44,72,video,242260.53878362212
5,79,30,audio,146790.04354412685
22,68,39,audio,271628.745201952
2,78,22,audio,118760.56767868443
16,42,43,video,290584.8844694556
4,60,13,video,267147.69350543845
11,87,37,video,338381.0100858044
17,21,68,video,234715.67036852514
13,29,36,video,272416.1079790081
20,62,78,audio,335482.59182694217
10,97,34,web,115517.91615331516
8,52,12,audio,97647.98762338201
1,98,77,web,65099.498304611814
